{"cameraMode":{"drawMode":0,"name":"Shaded","section":"Shading Mode"},"sceneLighting":true,"audioPlay":false,"sceneViewState":{"showFog":true,"showMaterialUpdate":false,"showSkybox":true,"showFlares":true,"showImageEffects":true,"showParticleSystems":true},"in2DMode":false,"pivot":{"x":-1.3504905700683594,"y":-4.912464141845703,"z":-0.08846330642700196},"rotation":{"x":-0.7286540269851685,"y":0.000841767352540046,"z":-0.0008998035336844623,"w":-0.6849431991577148},"size":72.77017974853516,"orthographic":false}